key,instalationMoment,title,author,message,email,link
notice-01,2021/04/22 16:20,Bug found!,"pabrufjim-Rufián Jiménez, Pablo",There's a bug in your software,pabrufjim@alumn.us.es,null
notice-02,2021/04/22 16:20,.,"pabrufjim-Rufián Jiménez, Pablo",There's a bug in your software,pabrufjim@alumn.us.es,https://www.ev.us.es
notice-03,2021/04/22 16:20,Este es un mensaje que contiene setenta y cinco(75) caracteres exactamente.,"pabrufjim-Rufián Jiménez, Pablo",There's a bug in your software,pabrufjim@alumn.us.es,https://www.ev.us.es
notice-04,2021/04/22 16:20,Bug found!,miyamoto-宮本 茂,There's a bug in your software,pabrufjim@alumn.us.es,https://www.ev.us.es
notice-05,2021/04/22 16:20,Bug found!,rasputin-Григо́рий Ефи́мович Распу́тин,There's a bug in your software,pabrufjim@alumn.us.es,https://www.ev.us.es
notice-06,2021/04/22 16:20,Bug found!,"pabrufjim-Rufián Jiménez, Pablo",.,pabrufjim@alumn.us.es,https://www.ev.us.es
notice-07,2021/04/22 16:20,Bug found!,"pabrufjim-Rufián Jiménez, Pablo",Este es un mensaje que contiene más caracteres que el anterior. Cien caracteres. Eso es muy bárbaro.,pabrufjim@alumn.us.es,https://www.ev.us.es
notice-08,2021/04/22 16:20,Bug found!,"pabrufjim-Rufián Jiménez, Pablo",There's a bug in your software,null,https://www.ev.us.es
notice-09,2021/04/22 16:20,Bug found!,"pabrufjim-Rufián Jiménez, Pablo",There's a bug in your software,pabrufjim@alumn.us.es,null
notice-10,1900/1/1 0:0,Bug found!,"pabrufjim-Rufián Jiménez, Pablo",There's a bug in your software,pabrufjim@alumn.us.es,https://www.ev.us.es
notice-11,2022/07/30 0:0,Bug found!,"pabrufjim-Rufián Jiménez, Pablo",There's a bug in your software,pabrufjim@alumn.us.es,https://www.ev.us.es