key,code,title,abstract-info,cost,link,key:manager,indication,published
project-01,PRJ-0001,A,A,EUR 0.00,null,manager-01,false,true
project-02,PRJ-0002,aaaaaaaaaaaaaaaaaaaaaaaaaaaaaaaaaaaaaaaaaaaaaaaaaaaaaaaaaaaaaaaaaaaaaaaaaaa,A,EUR 0.00,null,manager-01,false,true
project-03,PRJ-0003,aaaaaaaaaaaaaaaaaaaaaaaaaaaaaaaaaaaaaa,A,EUR 0.00,null,manager-01,false,false
project-04,PRJ-0004,aaaaaaaaaaaaaaaaaaaa,A,EUR 0.00,null,manager-01,false,false
project-05,PRJ-0005,aaaaaaaaaaaaaaaaaaaaaaaaaaaaaaaaaaaaaaaaaaaaaaaaaaaaaaaaaa,A,EUR 0.00,null,manager-01,false,false
project-06,PRJ-0006,A,A,EUR 0.00,null,manager-01,false,false
project-07,PRJ-0007,A,aaaaaaaaaaaaaaaaaaaaaaaaaaaaaaaaaaaaaaaaaaaaaaaaaaaaaaaaaaaaaaaaaaaaaaaaaaaaaaaaaaaaaaaaaaaaaaaaaaaa,EUR 0.00,null,manager-01,false,false
project-08,PRJ-0008,A,aaaaaaaaaaaaaaaaaaaaaaaaaaaaaaaaaaaaaaaaaaaaaaaaaa,EUR 0.00,null,manager-01,false,false
project-09,PRJ-0009,A,aaaaaaaaaaaaaaaaaaaa,EUR 0.00,null,manager-01,false,false
project-10,PRJ-0010,A,aaaaaaaaaaaaaaaaaaaaaaaaaaaaaaaaaaaaaaaaaaaaaaaaaaaaaaaaaaaaaaaaaaaaaaaaaaaaaaaa,EUR 0.00,null,manager-01,false,false
project-11,PRJ-0011,A,A,EUR 0.00,null,manager-01,false,false
project-12,PRJ-0012,A,A,GBP 0.00,null,manager-01,false,false
project-13,PRJ-0013,A,A,YEN 0.00,null,manager-01,false,false
project-14,PRJ-0014,A,A,USD 0.00,null,manager-01,false,false
project-15,PRJ-0015,A,A,EUR 0.00,null,manager-01,false,false
project-16,PRJ-0016,A,A,"EUR 2,500,000,000.00",null,manager-01,false,true
project-17,PRJ-0017,A,A,"EUR 5,000,000,000.00",null,manager-01,false,true
project-18,PRJ-0018,A,A,"EUR 7,500,000,000.00",null,manager-01,false,true
project-19,PRJ-0019,A,A,"EUR 9,999,999,999.00",null,manager-01,false,true
project-20,PRJ-0020,A,A,"EUR 9,999,999,999.25",null,manager-01,false,true
project-21,PRJ-0021,A,A,"EUR 9,999,999,999.50",null,manager-01,false,true
project-22,PRJ-0022,A,A,"EUR 9,999,999,999.75",null,manager-01,false,true
project-23,PRJ-0023,A,A,"EUR 9,999,999,999.99",null,manager-01,false,true
project-24,PRJ-0024,A,A,EUR 0.00,https://www.google.com/,manager-01,false,false
project-25,PRJ-0025,A,A,EUR 0.00,null,manager-01,true,false
project-26,PRJ-0026,aaaaaaaaaaaaaaaaaaaaaaaaaaaaaaaaaaaaaaaaaaaaaaaaaaaaaaaaaaaaaaaaaaaaaa,A,EUR 0.00,null,manager-02,false,false
project-27,PRJ-0027,aaaaaaaaaaaaaaaaaaaaaaaaaaaaaaaaaaaaaa,A,EUR 0.00,null,manager-02,false,false
project-28,PRJ-0028,aaaaaaaaaaaaaaaaaaaa,A,EUR 0.00,null,manager-02,false,false
project-29,PRJ-0029,aaaaaaaaaaaaaaaaaaaaaaaaaaaaaaaaaaaaaaaaaaaaaaaaaaaaaaaaaaaaaaa,A,EUR 0.00,null,manager-02,false,false
project-30,PRJ-0030,A,A,EUR 0.00,null,manager-01,false,false
project-31,PRJ-0031,A,aaaaaaaaaaaaaaaaaaaaaaaaaaaaaaaaaaaaaaaaaaaaaaaaaaaaaaaaaaaaaaaaaaaaaaaaaaaaaaaaaaaaaaaaaaaaaaaaaaaa,EUR 0.00,null,manager-02,false,false
project-32,PRJ-0032,A,aaaaaaaaaaaaaaaaaaaaaaaaaaaaaaaaaaaaaaaaaaaaaaaaaa,EUR 0.00,null,manager-02,false,false
project-33,PRJ-0033,A,aaaaaaaaaaaaaaaaaaaa,EUR 0.00,null,manager-02,false,false
project-34,PRJ-0034,A,aaaaaaaaaaaaaaaaaaaaaaaaaaaaaaaaaaaaaaaaaaaaaaaaaaaaaaaaaaaaaaaaaaaaaaaaaaaaaaaa,EUR 0.00,null,manager-02,false,false
project-35,PRJ-0035,A,A,EUR 0.00,null,manager-02,false,false
project-36,PRJ-0036,A,A,GBP 0.00,null,manager-02,false,false
project-37,PRJ-0037,A,A,YEN 0.00,null,manager-02,false,false
project-38,PRJ-0038,A,A,USD 0.00,null,manager-02,false,false
project-39,PRJ-0039,A,A,EUR 0.00,null,manager-02,false,false
project-40,PRJ-0040,A,A,"EUR 2,500,000,000.00",null,manager-02,false,true
project-41,PRJ-0041,A,A,"EUR 5,000,000,000.00",null,manager-02,false,true
project-42,PRJ-0042,A,A,"EUR 7,500,000,000.00",null,manager-02,false,true
project-43,PRJ-0043,A,A,"EUR 9,999,999,999.00",null,manager-02,false,true
project-44,PRJ-0044,A,A,"EUR 9,999,999,999.25",null,manager-02,false,true
project-45,PRJ-0045,A,A,"EUR 9,999,999,999.50",null,manager-02,false,true
project-46,PRJ-0046,A,A,"EUR 9,999,999,999.75",null,manager-02,false,true
project-47,PRJ-0047,A,A,"EUR 9,999,999,999.99",null,manager-02,false,true
project-48,PRJ-0048,A,A,EUR 0.00,https://www.google.com/,manager-02,false,false
project-49,PRJ-0049,A,A,EUR 0.00,http://www.prueba.com/,manager-02,false,false
project-50,PRJ-0050,A,A,EUR 0.00,https://www.example.com/abcdefghijklmnopqrstuvwxyzabcdefghijklmnopqrstuvwxyzabcdefghijklmnopqrstuvwxyzabcdefghijklmnopqrstuvwxyzabcdefghijklmnopqrstuvwxyzabcdefghijklmnopqrstuvwxyzabcdefghijklmnopqrstuvwx,manager-02,true,false
