key,status,reference,identification-date,impact,probability,description,link
risk-01,POSITIVE,"R-001",2020/03/30 00:00,99,99.99,"Sample",null
risk-02,NEGATIVE,"R-002",2020/03/30 00:00,99,99.99,"Sample",null
risk-03,POSITIVE,"R-003",2022/07/29 23:59,99,99.99,"Sample",null
risk-04,POSITIVE,"R-004",2020/03/30 00:00,1,99.99,"Sample",null
risk-05,POSITIVE,"R-005",2020/03/30 00:00,25,99.99,"Sample",null
risk-06,POSITIVE,"R-006",2020/03/30 00:00,50,99.99,"Sample",null
risk-07,POSITIVE,"R-007",2020/03/30 00:00,75,99.99,"Sample",null
risk-08,POSITIVE,"R-008",2020/03/30 00:00,100,99.99,"Sample",null
risk-09,POSITIVE,"R-009",2020/03/30 00:00,99,0.00,"Sample",null
risk-10,POSITIVE,"R-010",2020/03/30 00:00,99,25.00,"Sample",null
risk-11,POSITIVE,"R-011",2020/03/30 00:00,99,50.00,"Sample",null
risk-12,POSITIVE,"R-012",2020/03/30 00:00,99,75.00,"Sample",null
risk-13,POSITIVE,"R-013",2020/03/30 00:00,99,99.00,"Sample",null
risk-14,POSITIVE,"R-014",2020/03/30 00:00,99,99.25,"Sample",null
risk-15,POSITIVE,"R-015",2020/03/30 00:00,99,99.50,"Sample",null
risk-16,POSITIVE,"R-016",2020/03/30 00:00,99,99.75,"Sample",null
risk-17,POSITIVE,"R-017",2020/03/30 00:00,99,99.99,"Sample",null
risk-18,POSITIVE,"R-018",2020/03/30 00:00,99,100.00,"Sample",null
risk-19,POSITIVE,"R-019",2020/03/30 00:00,99,99.99,"a",null
risk-20,POSITIVE,"R-020",2020/03/30 00:00,99,99.99,"aaaaaaaaaaaaaaaaaaaaaaaaaaaaaaaaaaaaaaaaaaaaaaaaaaaaaaaaaaaaaaaaaaaaaaaaaaaaaaaaaaaaaaaaaaaaaaaaaaaa",null
risk-21,POSITIVE,"R-021",2020/03/30 00:00,99,99.99,"aaaaaaaaaaaaaaaaaaaaaaaaaaaaaaaaaaaaaaaaaaaaaaaaaa",null
risk-22,POSITIVE,"R-022",2020/03/30 00:00,99,99.99,"aaaaaaaaaaaaaaaaaaaa",null
risk-23,POSITIVE,"R-023",2020/03/30 00:00,99,99.99,"aaaaaaaaaaaaaaaaaaaaaaaaaaaaaaaaaaaaaaaaaaaaaaaaaaaaaaaaaaaaaaaaaaaaaaaaaaaaaaaa",null
risk-24,POSITIVE,"R-024",2020/03/30 00:00,99,99.99,"Sample","https://www.google.com/"
risk-25,POSITIVE,"R-025",2020/03/30 00:00,99,99.99,"Sample","https://www.example.com/abcdefghijklmnopqrstuvwxyzabcdefghijklmnopqrstuvwxyzabcdefghijklmnopqrstuvwxyzabcdefghijklmnopqrstuvwxyzabcdefghijklmnopqrstuvwxyzabcdefghijklmnopqrstuvwxyzabcdefghijklmnopqrstuvwx"
risk-26,POSITIVE,"R-026",2020/03/30 00:00,99,99.99,"Sample","http://www.prueba.com/"